order_id,customer_id,order_status,order_purchase_timestamp,order_approved_at,order_delivered_carrier_date,order_delivered_customer_date,order_estimated_delivery_date,customer_unique_id,customer_zip_code_prefix,customer_city,customer_state,order_item_id,product_id,seller_id,shipping_limit_date,price,freight_value,payment_sequential,payment_type,payment_installments,payment_value,review_id,review_score,review_comment_title,review_comment_message,review_creation_date,review_answer_timestamp,product_category_name,product_name_lenght,product_description_lenght,product_photos_qty,product_weight_g,product_length_cm,product_height_cm,product_width_cm,seller_zip_code_prefix,seller_city,seller_state,product_category_name_english
e481f51cbdc54678b7cc49136f2d6af7,9ef432eb6251297304e76186b10a928d,delivered,2017-10-02 10:56:33,2017-10-02 11:07:15,2017-10-04 19:55:00,2017-10-10 21:25:13,2017-10-18 00:00:00,7c396fd4830fd04220f754e42b4e5bff,3149,sao paulo,SP,1.0,87285b34884572647811a353c7ac498a,3504c0cb71d7fa48d967e0e4c94d59d9,2017-10-06 11:07:15,29.99,8.72,1.0,credit_card,1.0,18.12,a54f0611adc9ed256b57ede6b6eb5114,4.0,,"Não testei o produto ainda, mas ele veio correto e em boas condições. Apenas a caixa que veio bem amassada e danificada, o que ficará chato, pois se trata de um presente.",2017-10-11 00:00:00,2017-10-12 03:43:48,utilidades_domesticas,40.0,268.0,4.0,500.0,19.0,8.0,13.0,9350.0,maua,SP,housewares
e481f51cbdc54678b7cc49136f2d6af7,9ef432eb6251297304e76186b10a928d,delivered,2017-10-02 10:56:33,2017-10-02 11:07:15,2017-10-04 19:55:00,2017-10-10 21:25:13,2017-10-18 00:00:00,7c396fd4830fd04220f754e42b4e5bff,3149,sao paulo,SP,1.0,87285b34884572647811a353c7ac498a,3504c0cb71d7fa48d967e0e4c94d59d9,2017-10-06 11:07:15,29.99,8.72,3.0,voucher,1.0,2.0,a54f0611adc9ed256b57ede6b6eb5114,4.0,,"Não testei o produto ainda, mas ele veio correto e em boas condições. Apenas a caixa que veio bem amassada e danificada, o que ficará chato, pois se trata de um presente.",2017-10-11 00:00:00,2017-10-12 03:43:48,utilidades_domesticas,40.0,268.0,4.0,500.0,19.0,8.0,13.0,9350.0,maua,SP,housewares
e481f51cbdc54678b7cc49136f2d6af7,9ef432eb6251297304e76186b10a928d,delivered,2017-10-02 10:56:33,2017-10-02 11:07:15,2017-10-04 19:55:00,2017-10-10 21:25:13,2017-10-18 00:00:00,7c396fd4830fd04220f754e42b4e5bff,3149,sao paulo,SP,1.0,87285b34884572647811a353c7ac498a,3504c0cb71d7fa48d967e0e4c94d59d9,2017-10-06 11:07:15,29.99,8.72,2.0,voucher,1.0,18.59,a54f0611adc9ed256b57ede6b6eb5114,4.0,,"Não testei o produto ainda, mas ele veio correto e em boas condições. Apenas a caixa que veio bem amassada e danificada, o que ficará chato, pois se trata de um presente.",2017-10-11 00:00:00,2017-10-12 03:43:48,utilidades_domesticas,40.0,268.0,4.0,500.0,19.0,8.0,13.0,9350.0,maua,SP,housewares
53cdb2fc8bc7dce0b6741e2150273451,b0830fb4747a6c6d20dea0b8c802d7ef,delivered,2018-07-24 20:41:37,2018-07-26 03:24:27,2018-07-26 14:31:00,2018-08-07 15:27:45,2018-08-13 00:00:00,af07308b275d755c9edb36a90c618231,47813,barreiras,BA,1.0,595fac2a385ac33a80bd5114aec74eb8,289cdb325fb7e7f891c38608bf9e0962,2018-07-30 03:24:27,118.7,22.76,1.0,boleto,1.0,141.46,8d5266042046a06655c8db133d120ba5,4.0,Muito boa a loja,Muito bom o produto.,2018-08-08 00:00:00,2018-08-08 18:37:50,perfumaria,29.0,178.0,1.0,400.0,19.0,13.0,19.0,31570.0,belo horizonte,SP,perfumery
47770eb9100c2d0c44946d9cf07ec65d,41ce2a54c0b03bf3443c3d931a367089,delivered,2018-08-08 08:38:49,2018-08-08 08:55:23,2018-08-08 13:50:00,2018-08-17 18:06:29,2018-09-04 00:00:00,3a653a41f6f9fc3d2a113cf8398680e8,75265,vianopolis,GO,1.0,aa4383b373c6aca5d8797843e5594415,4869f7a5dfa277a7dca6462dcf3b52b2,2018-08-13 08:55:23,159.9,19.22,1.0,credit_card,3.0,179.12,e73b67b67587f7644d5bd1a52deb1b01,5.0,,,2018-08-18 00:00:00,2018-08-22 19:07:58,automotivo,46.0,232.0,1.0,420.0,24.0,19.0,21.0,14840.0,guariba,SP,auto
949d5b44dbf5de918fe9c16f97b45f8a,f88197465ea7920adcdbec7375364d82,delivered,2017-11-18 19:28:06,2017-11-18 19:45:59,2017-11-22 13:39:59,2017-12-02 00:28:42,2017-12-15 00:00:00,7c142cf63193a1473d2e66489a9ae977,59296,sao goncalo do amarante,RN,1.0,d0b61bfb1de832b15ba9d266ca96e5b0,66922902710d126a0e7d26b0e3805106,2017-11-23 19:45:59,45.0,27.2,1.0,credit_card,1.0,72.2,359d03e676b3c069f62cadba8dd3f6e8,5.0,,O produto foi exatamente o que eu esperava e estava descrito no site e chegou bem antes da data prevista.,2017-12-03 00:00:00,2017-12-05 19:21:58,pet_shop,59.0,468.0,3.0,450.0,30.0,10.0,20.0,31842.0,belo horizonte,MG,pet_shop
ad21c59c0840e6cb83a9ceb5573f8159,8ab97904e6daea8866dbdbc4fb7aad2c,delivered,2018-02-13 21:18:39,2018-02-13 22:20:29,2018-02-14 19:46:34,2018-02-16 18:17:02,2018-02-26 00:00:00,72632f0f9dd73dfee390c9b22eb56dd6,9195,santo andre,SP,1.0,65266b2da20d04dbe00c5c2d3bb7859e,2c9e548be18521d1c43cde1c582c6de8,2018-02-19 20:31:37,19.9,8.72,1.0,credit_card,1.0,28.62,e50934924e227544ba8246aeb3770dd4,5.0,,,2018-02-17 00:00:00,2018-02-18 13:02:51,papelaria,38.0,316.0,4.0,250.0,51.0,15.0,15.0,8752.0,mogi das cruzes,SP,stationery
a4591c265e18cb1dcee52889e2d8acc3,503740e9ca751ccdda7ba28e9ab8f608,delivered,2017-07-09 21:57:05,2017-07-09 22:10:13,2017-07-11 14:58:04,2017-07-26 10:57:55,2017-08-01 00:00:00,80bb27c7c16e8f973207a5086ab329e2,86320,congonhinhas,PR,1.0,060cb19345d90064d1015407193c233d,8581055ce74af1daba164fdbd55a40de,2017-07-13 22:10:13,147.9,27.36,1.0,credit_card,6.0,175.26,89b738e70a1ce346db29a20fb2910161,4.0,,,2017-07-27 00:00:00,2017-07-27 22:48:30,automotivo,49.0,608.0,1.0,7150.0,65.0,10.0,65.0,7112.0,guarulhos,SP,auto
136cce7faa42fdb2cefd53fdc79a6098,ed0271e0b7da060a393796590e7b737a,invoiced,2017-04-11 12:22:08,2017-04-13 13:25:17,,,2017-05-09 00:00:00,36edbb3fb164b1f16485364b6fb04c73,98900,santa rosa,RS,1.0,a1804276d9941ac0733cfd409f5206eb,dc8798cbf453b7e0f98745e396cc5616,2017-04-19 13:25:17,49.9,16.05,1.0,credit_card,1.0,65.95,e07549ef5311abcc92ba1784b093fb56,2.0,,fiquei triste por n ter me atendido.,2017-05-13 00:00:00,2017-05-13 20:25:42,,,,,600.0,35.0,35.0,15.0,5455.0,sao paulo,SP,
6514b8ad8028c9f2cc2374ded245783f,9bdf08b4b3b52b5526ff42d37d47f222,delivered,2017-05-16 13:10:30,2017-05-16 13:22:11,2017-05-22 10:07:46,2017-05-26 12:55:51,2017-06-07 00:00:00,932afa1e708222e5821dac9cd5db4cae,26525,nilopolis,RJ,1.0,4520766ec412348b8d4caa5e8a18c464,16090f2ca825584b5a147ab24aa30c86,2017-05-22 13:22:11,59.99,15.17,1.0,credit_card,3.0,75.16,07d67dd06ed5f88bef11ef6b464e79ae,5.0,,,2017-05-27 00:00:00,2017-05-28 02:59:57,automotivo,59.0,956.0,1.0,50.0,16.0,16.0,17.0,12940.0,atibaia,SP,auto
76c6e866289321a7c93b82b54852dc33,f54a9f0e6b351c431402b8461ea51999,delivered,2017-01-23 18:29:09,2017-01-25 02:50:47,2017-01-26 14:16:31,2017-02-02 14:08:10,2017-03-06 00:00:00,39382392765b6dc74812866ee5ee92a7,99655,faxinalzinho,RS,1.0,ac1789e492dcd698c5c10b97a671243a,63b9ae557efed31d1f7687917d248a8d,2017-01-27 18:29:09,19.9,16.05,1.0,boleto,1.0,35.95,fc4af8aea8ec3f1a3cd181d3d0cadbd5,1.0,,,2017-02-03 00:00:00,2017-02-05 01:58:35,moveis_decoracao,41.0,432.0,2.0,300.0,35.0,35.0,15.0,13720.0,sao jose do rio pardo,SP,furniture_decor
e69bfb5eb88e0ed6a785585b27e16dbf,31ad1d1b63eb9962463f764d4e6e0c9d,delivered,2017-07-29 11:55:02,2017-07-29 12:05:32,2017-08-10 19:45:24,2017-08-16 17:14:30,2017-08-23 00:00:00,299905e3934e9e181bfb2e164dd4b4f8,18075,sorocaba,SP,1.0,9a78fb9862b10749a117f7fc3c31f051,7c67e1448b00f6e969d365cea6b010ab,2017-08-11 12:05:32,149.99,19.77,2.0,voucher,1.0,161.42,abc5655186d40772bd6e410420e6a3ed,5.0,,,2017-08-17 00:00:00,2017-08-18 01:47:32,moveis_escritorio,45.0,527.0,1.0,9750.0,42.0,41.0,42.0,8577.0,itaquaquecetuba,SP,office_furniture
e69bfb5eb88e0ed6a785585b27e16dbf,31ad1d1b63eb9962463f764d4e6e0c9d,delivered,2017-07-29 11:55:02,2017-07-29 12:05:32,2017-08-10 19:45:24,2017-08-16 17:14:30,2017-08-23 00:00:00,299905e3934e9e181bfb2e164dd4b4f8,18075,sorocaba,SP,1.0,9a78fb9862b10749a117f7fc3c31f051,7c67e1448b00f6e969d365cea6b010ab,2017-08-11 12:05:32,149.99,19.77,1.0,credit_card,1.0,8.34,abc5655186d40772bd6e410420e6a3ed,5.0,,,2017-08-17 00:00:00,2017-08-18 01:47:32,moveis_escritorio,45.0,527.0,1.0,9750.0,42.0,41.0,42.0,8577.0,itaquaquecetuba,SP,office_furniture
e6ce16cb79ec1d90b1da9085a6118aeb,494dded5b201313c64ed7f100595b95c,delivered,2017-05-16 19:41:10,2017-05-16 19:50:18,2017-05-18 11:40:40,2017-05-29 11:18:31,2017-06-07 00:00:00,f2a85dec752b8517b5e58a06ff3cd937,20780,rio de janeiro,RJ,1.0,08574b074924071f4e201e151b152b4e,001cca7ae9ae17fb1caed9dfb1094831,2017-05-22 19:50:18,99.0,30.53,1.0,credit_card,1.0,259.06,15898b543726a832d4137fbef5d1d00e,1.0,,Aguardando retorno da loja,2017-05-30 00:00:00,2017-05-30 23:13:47,ferramentas_jardim,36.0,450.0,1.0,9000.0,42.0,12.0,39.0,29156.0,cariacica,ES,garden_tools
e6ce16cb79ec1d90b1da9085a6118aeb,494dded5b201313c64ed7f100595b95c,delivered,2017-05-16 19:41:10,2017-05-16 19:50:18,2017-05-18 11:40:40,2017-05-29 11:18:31,2017-06-07 00:00:00,f2a85dec752b8517b5e58a06ff3cd937,20780,rio de janeiro,RJ,2.0,08574b074924071f4e201e151b152b4e,001cca7ae9ae17fb1caed9dfb1094831,2017-05-22 19:50:18,99.0,30.53,1.0,credit_card,1.0,259.06,15898b543726a832d4137fbef5d1d00e,1.0,,Aguardando retorno da loja,2017-05-30 00:00:00,2017-05-30 23:13:47,ferramentas_jardim,36.0,450.0,1.0,9000.0,42.0,12.0,39.0,29156.0,cariacica,ES,garden_tools
34513ce0c4fab462a55830c0989c7edb,7711cf624183d843aafe81855097bc37,delivered,2017-07-13 19:58:11,2017-07-13 20:10:08,2017-07-14 18:43:29,2017-07-19 14:04:48,2017-08-08 00:00:00,782987b81c92239d922aa49d6bd4200b,4278,sao paulo,SP,1.0,f7e0fa615b386bc9a8b9eb52bc1fff76,87142160b41353c4e5fca2360caf6f92,2017-07-19 20:10:08,98.0,16.13,1.0,credit_card,1.0,114.13,a932e1fddc0c17fc26de56687b48f922,4.0,,,2017-07-20 00:00:00,2017-07-22 20:11:54,informatica_acessorios,59.0,2574.0,1.0,325.0,21.0,21.0,21.0,90230.0,porto alegre,RS,computers_accessories
82566a660a982b15fb86e904c8d32918,d3e3b74c766bc6214e0c830b17ee2341,delivered,2018-06-07 10:06:19,2018-06-09 03:13:12,2018-06-11 13:29:00,2018-06-19 12:05:52,2018-07-18 00:00:00,e97109680b052ee858d93a539597bba7,35400,ouro preto,MG,1.0,72a97c271b2e429974398f46b93ae530,094ced053e257ae8cae57205592d6712,2018-06-18 03:13:12,31.9,18.23,1.0,boleto,1.0,50.13,ed220e853e96b629118a3576e02900b6,5.0,,,2018-06-20 00:00:00,2018-06-20 15:31:29,perfumaria,59.0,685.0,1.0,450.0,16.0,17.0,16.0,14095.0,ribeirao preto,SP,perfumery
5ff96c15d0b717ac6ad1f3d77225a350,19402a48fe860416adf93348aba37740,delivered,2018-07-25 17:44:10,2018-07-25 17:55:14,2018-07-26 13:16:00,2018-07-30 15:52:25,2018-08-08 00:00:00,e2dfa3127fedbbca9707b36304996dab,4812,sao paulo,SP,1.0,10adb53d8faa890ca7c2f0cbcb68d777,1900267e848ceeba8fa32d80c1a5f5a8,2018-07-27 17:55:14,19.9,12.8,1.0,credit_card,3.0,32.7,346e42116863ea64d51cef464d8f0c9c,5.0,,,2018-07-31 00:00:00,2018-08-02 21:15:12,cama_mesa_banho,52.0,155.0,1.0,200.0,16.0,10.0,16.0,14940.0,ibitinga,SP,bed_bath_table
432aaf21d85167c2c86ec9448c4e42cc,3df704f53d3f1d4818840b34ec672a9f,delivered,2018-03-01 14:14:28,2018-03-01 15:10:47,2018-03-02 21:09:20,2018-03-12 23:36:26,2018-03-21 00:00:00,04cf8185c71090d28baa4407b2e6d600,5271,sao paulo,SP,1.0,72d3bf1d3a790f8874096fcf860e3eff,0bae85eb84b9fb3bd773911e89288d54,2018-03-07 15:10:47,38.25,16.11,1.0,credit_card,1.0,54.36,8f39f09c22b1ceb6e3eb178d8e50bb8a,4.0,,Gostei do produto,2018-03-13 00:00:00,2018-03-14 10:36:16,brinquedos,57.0,341.0,2.0,583.0,20.0,21.0,20.0,88301.0,itajai,SP,toys
dcb36b511fcac050b97cd5c05de84dc3,3b6828a50ffe546942b7a473d70ac0fc,delivered,2018-06-07 19:03:12,2018-06-12 23:31:02,2018-06-11 14:54:00,2018-06-21 15:34:32,2018-07-04 00:00:00,ccafc1c3f270410521c3c6f3b249870f,74820,goiania,GO,1.0,009c09f439988bc06a93d6b8186dce73,89a51f50b8095ea78d5768f34c13a76f,2018-06-18 18:59:02,132.4,14.05,1.0,credit_card,10.0,146.45,5a8608437f4b52bec5cd143f37258b5e,5.0,Nota dez,Obrigado pela atenção. Lojas lannister perfeito em tudo.,2018-07-03 00:00:00,2018-07-03 15:10:07,perfumaria,39.0,991.0,3.0,150.0,20.0,20.0,20.0,71931.0,brasilia,DF,perfumery
403b97836b0c04a622354cf531062e5f,738b086814c6fcc74b8cc583f8516ee3,delivered,2018-01-02 19:00:43,2018-01-02 19:09:04,2018-01-03 18:19:09,2018-01-20 01:38:59,2018-02-06 00:00:00,6e26bbeaa107ec34112c64e1ee31c0f5,21381,rio de janeiro,RJ,1.0,638bbb2a5e4f360b71f332ddfebfd672,c4af86330efa7a2620772227d2d670c9,2018-01-12 19:09:04,1299.0,77.45,1.0,credit_card,10.0,1376.45,,,,,,,construcao_ferramentas_construcao,38.0,143.0,2.0,20850.0,100.0,25.0,50.0,8840.0,mogi das cruzes,SP,construction_tools_construction
116f0b09343b49556bbad5f35bee0cdf,3187789bec990987628d7a9beb4dd6ac,delivered,2017-12-26 23:41:31,2017-12-26 23:50:22,2017-12-28 18:33:05,2018-01-08 22:36:36,2018-01-29 00:00:00,6087cfc70fd833cf2db637a5e6e9d76b,88780,imbituba,SC,1.0,a47295965bd091207681b541b26e40a5,ea8482cd71df3c1969d7b9473ff13abc,2018-01-02 23:50:22,27.99,15.1,1.0,credit_card,4.0,43.09,0c00083494717bc36977eb15ba4bba01,5.0,,,2018-01-09 00:00:00,2018-01-12 01:09:35,telefonia,60.0,818.0,6.0,300.0,17.0,4.0,12.0,4160.0,sao paulo,SP,telephony
85ce859fd6dc634de8d2f1e290444043,059f7fc5719c7da6cbafe370971a8d70,delivered,2017-11-21 00:03:41,2017-11-21 00:14:22,2017-11-23 21:32:26,2017-11-27 18:28:00,2017-12-11 00:00:00,d0ff1a7468fcc46b8fc658ab35d2a12c,13186,hortolandia,SP,1.0,cce679660c66e6fbd5c8091dfd29e9cd,d2374cbcbb3ca4ab1086534108cc3ab7,2017-11-29 00:14:22,17.9,11.85,1.0,credit_card,1.0,29.75,70c498f6918af37d6444d7846449ea5b,5.0,,,2017-11-28 00:00:00,2017-11-28 22:12:02,cama_mesa_banho,43.0,125.0,1.0,250.0,40.0,4.0,30.0,14940.0,ibitinga,SP,bed_bath_table
83018ec114eee8641c97e08f7b4e926f,7f8c8b9c2ae27bf3300f670c3d478be8,delivered,2017-10-26 15:54:26,2017-10-26 16:08:14,2017-10-26 21:46:53,2017-11-08 22:22:00,2017-11-23 00:00:00,634f09f6075fe9032e6c19609ffe995a,44024,feira de santana,BA,1.0,c35498fbb4358837ae16850f50c3fd22,70a12e78e608ac31179aea7f8422044b,2017-11-01 16:07:35,76.0,16.97,2.0,voucher,1.0,62.15,219cf59cf889bc85babbd1cd1fe30f2d,4.0,,,2017-11-09 00:00:00,2017-11-10 01:06:29,telefonia,59.0,973.0,1.0,325.0,19.0,8.0,22.0,12327.0,jacarei,SP,telephony
83018ec114eee8641c97e08f7b4e926f,7f8c8b9c2ae27bf3300f670c3d478be8,delivered,2017-10-26 15:54:26,2017-10-26 16:08:14,2017-10-26 21:46:53,2017-11-08 22:22:00,2017-11-23 00:00:00,634f09f6075fe9032e6c19609ffe995a,44024,feira de santana,BA,1.0,c35498fbb4358837ae16850f50c3fd22,70a12e78e608ac31179aea7f8422044b,2017-11-01 16:07:35,76.0,16.97,3.0,voucher,1.0,24.86,219cf59cf889bc85babbd1cd1fe30f2d,4.0,,,2017-11-09 00:00:00,2017-11-10 01:06:29,telefonia,59.0,973.0,1.0,325.0,19.0,8.0,22.0,12327.0,jacarei,SP,telephony
83018ec114eee8641c97e08f7b4e926f,7f8c8b9c2ae27bf3300f670c3d478be8,delivered,2017-10-26 15:54:26,2017-10-26 16:08:14,2017-10-26 21:46:53,2017-11-08 22:22:00,2017-11-23 00:00:00,634f09f6075fe9032e6c19609ffe995a,44024,feira de santana,BA,1.0,c35498fbb4358837ae16850f50c3fd22,70a12e78e608ac31179aea7f8422044b,2017-11-01 16:07:35,76.0,16.97,1.0,credit_card,1.0,5.96,219cf59cf889bc85babbd1cd1fe30f2d,4.0,,,2017-11-09 00:00:00,2017-11-10 01:06:29,telefonia,59.0,973.0,1.0,325.0,19.0,8.0,22.0,12327.0,jacarei,SP,telephony
203096f03d82e0dffbc41ebc2e2bcfb7,d2b091571da224a1b36412c18bc3bbfe,delivered,2017-09-18 14:31:30,2017-09-19 04:04:09,2017-10-06 17:50:03,2017-10-09 22:23:46,2017-09-28 00:00:00,d699688533772c15a061e8ce81cb56df,4001,sao paulo,SP,1.0,5ac9d9e379c606e36a8094a6046f75dc,633ecdf879b94b5337cca303328e4a25,2017-09-25 04:04:09,109.9,8.96,1.0,boleto,1.0,118.86,38cae21b1b57a95959440380d5b2ef7a,2.0,,"os correios estäo em greve... näo recebi nenhum aviso de atraso, mas de qqer forma a empresa responsável deveria dar alguma resposta sobre o atraso.",2017-10-01 00:00:00,2017-10-01 17:55:21,beleza_saude,46.0,2345.0,6.0,525.0,21.0,16.0,13.0,4438.0,sao paulo,SP,health_beauty
f848643eec1d69395095eb3840d2051e,4fa1cd166fa598be6de80fa84eaade43,delivered,2018-03-15 08:52:40,2018-03-15 09:09:31,2018-03-15 19:52:48,2018-03-19 18:08:32,2018-03-29 00:00:00,68954feaafe4dd638f3bd3e2afa174ec,8473,sao paulo,SP,1.0,2b4609f8948be18874494203496bc318,cc419e0650a3c5ba77189a1882b7556a,2018-03-23 09:09:31,79.99,8.91,1.0,credit_card,4.0,88.9,f3d78d82a38fc81f086b0d810edcf3aa,5.0,,,2018-03-20 00:00:00,2018-03-20 14:35:09,beleza_saude,59.0,492.0,3.0,250.0,22.0,10.0,18.0,9015.0,santo andre,SP,health_beauty
2807d0e504d6d4894d41672727bc139f,72ae281627a6102d9b3718528b420f8a,delivered,2018-02-03 20:37:35,2018-02-03 20:50:22,2018-02-05 22:37:28,2018-02-08 16:13:46,2018-02-21 00:00:00,b8df986511d928829c3192c2ed081eba,3323,sao paulo,SP,1.0,6893767814d1ac82a81bcd365e1cc918,8b321bb669392f5163d04c59e235e066,2018-02-08 20:50:22,9.5,7.78,1.0,credit_card,1.0,17.28,e905f4e4e372b175115c1d6c878b5020,3.0,,,2018-02-09 00:00:00,2018-02-11 21:45:20,eletronicos,26.0,511.0,1.0,200.0,25.0,7.0,16.0,1212.0,sao paulo,SP,electronics
95266dbfb7e20354baba07964dac78d5,a166da34890074091a942054b36e4265,delivered,2018-01-08 07:55:29,2018-01-08 08:07:31,2018-01-24 23:16:37,2018-01-26 17:32:38,2018-02-21 00:00:00,451e48381edab7f1f6dbfa6d728616ff,89070,blumenau,SC,1.0,bb7181410b4e02f93f3697f765db53c7,855668e0971d4dfd7bef1b6a4133b41b,2018-01-26 08:07:31,129.99,57.58,1.0,credit_card,3.0,187.57,1d507207ffd8c75b785304b33e2f6c59,4.0,,,2018-01-27 00:00:00,2018-01-28 11:42:31,bebes,36.0,1058.0,1.0,14950.0,77.0,20.0,53.0,13257.0,itatiba,SP,baby
f3e7c359154d965827355f39d6b1fdac,62b423aab58096ca514ba6aa06be2f98,delivered,2018-08-09 11:44:40,2018-08-10 03:24:51,2018-08-10 12:29:00,2018-08-13 18:24:27,2018-08-17 00:00:00,9c9242ad7f1b52d926ea76778e1c0c57,18052,sorocaba,SP,1.0,e99d69efe684efaa643f99805f7c81bc,55c26bcb609f480eb7868594245febb5,2018-08-14 03:24:51,89.9,14.21,1.0,boleto,1.0,104.11,9a55cbc65c8fad47581da5ebbb2b373e,5.0,Ótimo ,Sempre vou comprar aqui pois é a melhor parabéns ,2018-08-14 00:00:00,2018-08-14 21:52:46,papelaria,56.0,115.0,1.0,600.0,33.0,13.0,25.0,14910.0,tabatinga,SP,stationery
fbf9ac61453ac646ce8ad9783d7d0af6,3a874b4d4c4b6543206ff5d89287f0c3,delivered,2018-02-20 23:46:53,2018-02-22 02:30:46,2018-02-26 22:25:22,2018-03-21 22:03:54,2018-03-12 00:00:00,a25d5f94840d3c6a1a49f271ed83f4ec,21715,rio de janeiro,RJ,1.0,7b717060aa783eb7f23a747a3a733dd7,c0563dd588b775f2e37747ef6ad6c92c,2018-02-28 02:30:44,109.9,15.53,1.0,boleto,1.0,125.43,6a1a8e54de03ab98e6e8ff56e56e507f,2.0,,Demora muito entregar. Já passou o prazo e ainda não recebi minha encomenda.,2018-03-16 00:00:00,2018-03-20 23:10:58,cool_stuff,46.0,595.0,2.0,500.0,16.0,12.0,22.0,9220.0,santo andre,SP,cool_stuff
acce194856392f074dbf9dada14d8d82,7e20bf5ca92da68200643bda76c504c6,delivered,2018-06-04 00:00:13,2018-06-05 00:35:10,2018-06-05 13:24:00,2018-06-16 15:20:55,2018-07-18 00:00:00,576ea0cab426cd8a00fad9a9c90a4494,41213,salvador,BA,1.0,d70f38e7f79c630f8ea00c993897042c,977f9f63dd360c2a32ece2f93ad6d306,2018-06-13 00:35:10,90.9,48.64,1.0,credit_card,10.0,227.68,2d4303fd561eb4ab51c87faa6598dc10,1.0,NÃO RECOMENDO!!!! ,"Até o momento não recebi o produto Protetor De Colchão Para Berço - Algodão Impermeável, já fiz a reclamação desde o dia 18/06 e ainda não obtive retorno. Irei cancelar o pedido e estornar a compra hj",2018-06-17 00:00:00,2018-06-20 11:38:22,bebes,53.0,233.0,1.0,10950.0,41.0,40.0,40.0,14910.0,tabatinga,SP,baby
acce194856392f074dbf9dada14d8d82,7e20bf5ca92da68200643bda76c504c6,delivered,2018-06-04 00:00:13,2018-06-05 00:35:10,2018-06-05 13:24:00,2018-06-16 15:20:55,2018-07-18 00:00:00,576ea0cab426cd8a00fad9a9c90a4494,41213,salvador,BA,2.0,9451e630d725c4bb7a5a206b48b99486,d673a59aac7a70d8b01e6902bf090a11,2018-06-13 00:35:10,39.5,48.64,1.0,credit_card,10.0,227.68,2d4303fd561eb4ab51c87faa6598dc10,1.0,NÃO RECOMENDO!!!! ,"Até o momento não recebi o produto Protetor De Colchão Para Berço - Algodão Impermeável, já fiz a reclamação desde o dia 18/06 e ainda não obtive retorno. Irei cancelar o pedido e estornar a compra hj",2018-06-17 00:00:00,2018-06-20 11:38:22,bebes,52.0,300.0,1.0,350.0,31.0,10.0,12.0,14940.0,ibitinga,SP,baby
dd78f560c270f1909639c11b925620ea,8b212b9525f9e74e85e37ed6df37693e,delivered,2018-03-12 01:50:26,2018-03-12 03:28:34,2018-03-12 21:06:37,2018-03-21 14:41:50,2018-03-28 00:00:00,f4a7ef6bd931f83d75d83b71c94e90df,13568,sao carlos,SP,1.0,00baba5b58e274d0332a0c8a0a66f877,d3f39f05462b79a4562d35893a28f159,2018-03-16 02:30:56,47.9,12.79,1.0,credit_card,2.0,60.69,67904467df350a66376e3a42fbe02139,5.0,,"Lindos. 
Acabamento incrivel, muiro macios e super em conta.",2018-03-22 00:00:00,2018-03-25 02:36:39,perfumaria,27.0,406.0,4.0,200.0,18.0,7.0,12.0,13730.0,mococa,SP,perfumery
91b2a010e1e45e6ba3d133fa997597be,cce89a605105b148387c52e286ac8335,delivered,2018-05-02 11:45:38,2018-05-03 12:55:01,2018-05-10 16:16:00,2018-05-16 20:56:24,2018-05-23 00:00:00,bd13608b9c6033892ce62269b50a0afc,9182,santo andre,SP,1.0,ba74c6b75d2ad7503175809688d5a03c,7d13fca15225358621be4086e1eb0964,2018-05-09 12:55:01,178.99,13.69,1.0,credit_card,8.0,192.68,8a4283cd714cfca8f3da98f2c0afce0e,4.0,,,2018-05-17 00:00:00,2018-05-20 18:45:34,relogios_presentes,59.0,1088.0,2.0,292.0,17.0,8.0,12.0,14050.0,ribeirao preto,SP,watches_gifts
ecab90c9933c58908d3d6add7c6f5ae3,761df82feda9778854c6dafdaeb567e4,delivered,2018-02-25 13:50:30,2018-02-25 14:47:35,2018-02-26 22:28:50,2018-03-27 23:29:14,2018-04-13 00:00:00,1428917cd397d4f9ac0fde76dd6f2266,69317,boa vista,RR,1.0,c0db539123a403f670c50237d970b215,f7720c4fa8e3aba4546301ab80ea1f1b,2018-03-01 14:28:03,30.1,33.24,1.0,credit_card,3.0,63.34,0153550f6dd1a6bdfc334a919622abfb,4.0,,,2018-03-28 00:00:00,2018-03-29 16:38:11,ferramentas_jardim,56.0,1313.0,2.0,850.0,20.0,20.0,20.0,81350.0,curitiba,PR,garden_tools
f70a0aff17df5a6cdd9a7196128bd354,456dc10730fbdba34615447ea195d643,delivered,2017-08-10 11:58:33,2017-08-12 02:45:24,2017-08-17 15:35:07,2017-08-18 14:28:02,2017-08-23 00:00:00,1974875b4a1d2e2ee6d586e3ba4d7602,5634,sao paulo,SP,1.0,cafd558df4c3c9d1c338ba6930ea9a62,5dceca129747e92ff8ef7a997dc4f8ca,2017-08-17 02:45:24,279.0,34.19,1.0,boleto,1.0,313.19,2f111691fc93df88fc3aa8c2deac61ce,2.0,,O produto veio faltando a base para auto e como eu fiz o pedido por telefone justamente para confirmar se a base demonstrada pela foto acompanhava o produto e tbm constava na descrição do item.,2017-08-19 00:00:00,2017-08-19 23:46:02,bebes,45.0,1009.0,1.0,16450.0,44.0,70.0,32.0,13450.0,santa barbara d´oeste,SP,baby
1790eea0b567cf50911c057cf20f90f9,52142aa69d8d0e1247ab0cada0f76023,delivered,2018-04-16 21:15:39,2018-04-16 22:10:26,2018-04-18 13:05:09,2018-05-05 12:28:34,2018-05-15 00:00:00,a6fefcd9f434474cf6fcd8ed1102fd63,55540,palmares,PE,1.0,2d8f2be4f08788ee3bf5356af2b2ee6c,d91fb3b7d041e83b64a00a3edfb37e4f,2018-04-22 22:10:26,186.9,38.0,1.0,credit_card,4.0,224.9,764c587207b9589949abd863bdb72dec,1.0,Enganadores,"Foi entregue um produto divergente do que eu havia comprado, além de não vir com todos os acessórios constantes na descrição do anuncio. Solicito providências urgentes.",2018-05-06 00:00:00,2018-05-08 23:47:22,climatizacao,52.0,331.0,4.0,100.0,27.0,13.0,17.0,11704.0,praia grande,SP,air_conditioning
989225ba6d0ebd5873335f7e01de2ae7,816f8653d5361cbf94e58c33f2502a5c,delivered,2017-12-12 13:56:04,2017-12-14 13:54:13,2017-12-16 00:18:57,2018-01-03 18:03:36,2018-01-08 00:00:00,37363700139c1aef873bbcd916e57dfd,5778,sao paulo,SP,1.0,6b64362e89896be7589621df54be089e,77530e9772f57a62c906e1c21538ab82,2017-12-20 13:54:13,49.0,14.1,1.0,credit_card,1.0,63.1,3ee0f16b91a29ca331bbea4f4021b777,4.0,,,2018-01-04 00:00:00,2018-01-11 15:41:05,moveis_decoracao,57.0,2435.0,2.0,3000.0,69.0,11.0,11.0,80310.0,curitiba,PR,furniture_decor
d887b52c6516beb39e8cd44a5f8b60f7,d9ef95f98d8da3b492bb8c0447910498,delivered,2018-02-03 12:38:58,2018-02-03 12:50:30,2018-02-05 21:26:53,2018-02-22 00:07:55,2018-03-07 00:00:00,a2649503b92028291f011a976619b322,26572,mesquita,RJ,1.0,39a9942865c056ed2006a5e8c11d9537,ba5daa4041e1f15cdf34b76e3e18a450,2018-02-08 12:50:30,84.9,15.35,1.0,credit_card,1.0,100.25,57be0c4c29a5113d8344db898974b47b,5.0,,Ficou tudo ok só pensei q fosse maior mas.ta bom,2018-02-23 00:00:00,2018-02-25 11:39:37,brinquedos,47.0,556.0,5.0,800.0,37.0,14.0,37.0,4363.0,sao paulo,SP,toys
b276e4f8c0fb86bd82fce576f21713e0,cf8ffeddf027932e51e4eae73b384059,delivered,2018-07-29 23:34:51,2018-07-29 23:45:15,2018-07-30 14:43:00,2018-07-31 22:48:50,2018-08-06 00:00:00,6cbe8a392b76916e84c2faf69d0d0da0,13454,santa barbara d'oeste,SP,1.0,c6c1f263e076bd9c1f1640250a5d0c29,fe2032dab1a61af8794248c8196565c9,2018-08-02 23:45:15,179.0,9.41,1.0,credit_card,2.0,188.41,e71c2035f3e772a0a2339e001d383d8f,5.0,10,,2018-08-01 00:00:00,2018-08-04 02:05:33,perfumaria,32.0,102.0,1.0,425.0,24.0,12.0,16.0,13030.0,campinas,SP,perfumery
8563039e855156e48fccee4d611a3196,5f16605299d698660e0606f7eae2d2f9,delivered,2018-02-17 15:59:46,2018-02-17 16:15:34,2018-02-20 23:03:56,2018-03-20 00:59:25,2018-03-20 00:00:00,92fd8aa5948e20c43a014c44c025c5e1,77480,alvorada,TO,1.0,bff2010b28e8fbcff5a9db9d3fea5ac4,955fee9216a65b617aa5c0531780ce60,2018-02-22 15:15:34,78.0,28.95,1.0,credit_card,4.0,106.95,f121467a10eee0929f364c7d62abc9b5,5.0,,"há muito tempo efetuo compras atraves desta loja, nunca tive problemas. sempre entrega antes da data.",2018-03-20 00:00:00,2018-03-23 22:56:05,ferramentas_jardim,58.0,769.0,6.0,850.0,90.0,20.0,20.0,4782.0,sao paulo,SP,garden_tools
60550084e6b4c0cb89a87df1f3e5ebd9,f5458ddc3545711efa883dd7ae7c4497,delivered,2018-02-21 18:15:12,2018-02-23 02:10:52,2018-02-27 18:52:09,2018-03-13 23:58:43,2018-03-29 00:00:00,661a5e18a28b34880ccc60112f2b8e8e,62360,ibiapina,CE,1.0,9b37a918bcf2c8e1064e867cf1df4637,f27e33c6d29b5138fa9967bcd445b6d5,2018-03-01 02:10:52,39.9,26.89,1.0,boleto,1.0,66.79,dc5cb78313de2f9c467da1f72302de04,4.0,,bom pode comprar,2018-03-14 00:00:00,2018-03-16 00:52:33,eletronicos,57.0,1710.0,6.0,1207.0,20.0,10.0,20.0,4273.0,sao paulo,SP,electronics
5acce57f8d9dfd55fa48e212a641a69d,295ae9b35379e077273387ff64354b6f,delivered,2017-07-31 21:37:10,2017-08-02 02:56:02,2017-08-03 18:32:48,2017-08-08 21:24:41,2017-08-22 00:00:00,f1f4f45c8602d0db1329eed1c8e935d4,19780,quata,SP,1.0,0cd9f302c8a5b076ffa5c3567c6705fd,85d9eb9ddc5d00ca9336a2219c97bb13,2017-08-08 02:56:02,27.9,15.1,1.0,boleto,1.0,43.0,d0d8cc7219984cfa3763c891edb27b0b,5.0,,,2017-08-09 00:00:00,2017-08-10 14:50:36,informatica_acessorios,22.0,716.0,2.0,200.0,36.0,2.0,28.0,31255.0,belo horizonte,MG,computers_accessories
434d158e96bdd6972ad6e6d73ddcfd22,2a1dfb647f32f4390e7b857c67458536,delivered,2018-06-01 12:23:13,2018-06-05 03:35:15,2018-06-08 11:49:00,2018-06-18 21:32:52,2018-07-17 00:00:00,5f7d7732b351ce851a158528581af05f,54330,jaboatao dos guararapes,PE,1.0,c7df652246ed7b3300aaf46960c141e4,a5cba26a62b8b4d0145b68b841e62e7f,2018-06-13 03:35:15,445.0,63.17,1.0,boleto,1.0,508.17,b3b4ba30f4ff674b60b53cbb408ad037,5.0,Produto novo e original,"Produto veio bem lacrado, todo original.",2018-06-19 00:00:00,2018-06-20 00:49:10,beleza_saude,28.0,1455.0,1.0,683.0,29.0,15.0,22.0,87303.0,campo mourao,PR,health_beauty
7206b86ea789983f7a273ea7fa0bc2a8,3391c4bc11a817e7973e498b0b023158,delivered,2018-03-26 17:12:18,2018-03-26 17:28:27,2018-03-28 17:22:53,2018-04-05 22:11:18,2018-04-12 00:00:00,1b542f810484d8c042aed33a7c61a218,4561,sao paulo,SP,1.0,9a469eaf45dfbc43d39ba1977a3c07af,d2374cbcbb3ca4ab1086534108cc3ab7,2018-03-30 17:27:57,36.9,12.79,1.0,credit_card,4.0,49.69,5b1625e5b9843840ed3ab3f164eb5e3f,3.0,,,2018-04-06 00:00:00,2018-04-07 10:32:31,cama_mesa_banho,44.0,192.0,1.0,700.0,40.0,4.0,30.0,14940.0,ibitinga,SP,bed_bath_table
1e7aff52cdbb2451ace09d0f848c3699,ddaff536587109b89777e0353215e150,delivered,2017-05-19 18:53:40,2017-05-19 19:05:17,2017-05-22 10:16:07,2017-05-31 13:58:46,2017-06-12 00:00:00,c796780c7daeab9e94cc052b1f103b21,26600,paracambi,RJ,1.0,8c591ab0ca519558779df02023177f44,a1043bafd471dff536d0c462352beb48,2017-05-25 19:05:17,119.99,34.2,1.0,credit_card,4.0,154.19,dfcc60a0a9bf7470d1acf910bc306e78,5.0,,Quero o cartão de crédito das Lojas lannister! Minha satisfação é Plena! ,2017-06-01 00:00:00,2017-06-04 23:01:26,ferramentas_jardim,47.0,1893.0,1.0,6050.0,20.0,20.0,20.0,37175.0,ilicinea,MG,garden_tools
6ea2f835b4556291ffdc53fa0b3b95e8,c7340080e394356141681bd4c9b8fe31,delivered,2017-11-24 21:27:48,2017-11-25 00:21:09,2017-12-13 21:14:05,2017-12-28 18:59:23,2017-12-21 00:00:00,3e4fd73f1e86b135b9b121d6abbe9597,19400,presidente venceslau,SP,1.0,be021417a6acb56b9b50d3fd2714baa8,f5f46307a4d15880ca14fab4ad9dfc9b,2017-11-30 00:21:09,339.0,17.12,1.0,credit_card,10.0,356.12,5caca29ffffe9086162ca51303817420,1.0,,"Inicialmente, na data da compra o produto era para ser entregue até 21/12. Hoje é dia 27/12 e não chegou ainda. ",2017-12-22 00:00:00,2017-12-28 11:25:32,utilidades_domesticas,48.0,664.0,6.0,14300.0,38.0,34.0,34.0,89165.0,rio do sul,SC,housewares
948097deef559c742e7ce321e5e58919,8644be24d48806bc3a88fd59fb47ceb1,delivered,2017-08-04 17:10:39,2017-08-04 17:25:11,2017-08-07 17:52:01,2017-08-12 14:08:40,2017-09-01 00:00:00,4ca5f90433afb5493247f0bafb583483,73350,brasilia,DF,1.0,cd935d283d47f1050c505e1c39c48b67,a3a38f4affed601eb87a97788c949667,2017-08-10 17:25:11,69.9,25.77,1.0,credit_card,9.0,95.67,eba492bfeacda5b918f67f0900030dff,5.0,,,2017-08-13 00:00:00,2017-08-13 19:57:08,esporte_lazer,32.0,658.0,5.0,281.0,30.0,14.0,25.0,89204.0,joinville,SC,sports_leisure
d22e9fa5731b9e30e8b27afcdc2f8563,756fb9391752dad934e0fe3733378e57,delivered,2018-08-04 23:25:30,2018-08-04 23:35:13,2018-08-06 15:03:00,2018-08-13 23:34:42,2018-09-13 00:00:00,394b2ce444baae9ae609f5d32000de0f,47850,luis eduardo magalhaes,BA,1.0,f410090aec61f7c73748ca894286edcd,980640c45d7a4635885491d077167e4d,2018-08-07 23:35:13,99.0,22.62,1.0,debit_card,1.0,121.62,fcecdc18c0d4da82a2327b8b0d6e284a,4.0,,,2018-08-14 00:00:00,2018-08-15 09:20:30,papelaria,60.0,1847.0,3.0,450.0,35.0,50.0,12.0,13501.0,rio claro,SP,stationery
ee64d42b8cf066f35eac1cf57de1aa85,caded193e8e47b8362864762a83db3c5,shipped,2018-06-04 16:44:48,2018-06-05 04:31:18,2018-06-05 14:32:00,,2018-06-28 00:00:00,08fb46d35bb3ab4037202c23592d1259,13215,jundiai,SP,1.0,c50ca07e9e4db9ea5011f06802c0aea0,e9779976487b77c6d4ac45f75ec7afe9,2018-06-13 04:30:33,14.49,7.87,1.0,boleto,1.0,22.36,5853e27c64b89e222c5e4edf78bec3d4,1.0,,,2018-07-01 00:00:00,2018-07-11 20:41:18,beleza_saude,59.0,1782.0,1.0,125.0,25.0,14.0,18.0,11701.0,praia grande,SP,health_beauty
6ebaec694d7025e2ad4a05dba887c032,4f28355e5c17a4a42d3ce2439a1d4501,delivered,2017-05-18 13:55:47,2017-05-18 14:05:17,2017-05-19 12:01:38,2017-05-29 12:47:20,2017-06-09 00:00:00,4acce2834231e13b1514915adda5ec2b,21910,rio de janeiro,RJ,1.0,e251ebd2858be1aa7d9b2087a6992580,001cca7ae9ae17fb1caed9dfb1094831,2017-05-24 14:05:17,139.0,14.72,1.0,credit_card,7.0,153.72,590aec3016a098ad236fc59459173f33,1.0,,A cuba veio quebrada. Como efetuo barroca?,2017-05-30 00:00:00,2017-05-31 13:34:59,ferramentas_jardim,34.0,511.0,4.0,8875.0,40.0,14.0,43.0,29156.0,cariacica,ES,garden_tools
d17dc4a904426827ca80f2ccb3a6be56,569cf68214806a39acc0f39344aea67f,delivered,2017-05-14 20:28:25,2017-05-14 20:42:45,2017-05-16 08:17:46,2017-05-25 09:14:31,2017-06-12 00:00:00,c2551ea089b7ebbc67a2ea8757152514,44380,cruz das almas,BA,1.0,ba4bfbf74dbe7ab37e263b9326da0523,f8db351d8c4c4c22c6835c19a46f01b0,2017-05-18 20:42:45,36.9,17.92,1.0,credit_card,1.0,54.82,bcab37e37778893d858b3d159849a56d,4.0,,,2017-05-26 00:00:00,2017-06-01 19:10:49,esporte_lazer,60.0,521.0,1.0,650.0,24.0,10.0,20.0,13324.0,salto,SP,sports_leisure
25f4376934e13d3508486352e11a5db0,12fd2740039676063a874b9567dfa651,delivered,2018-05-17 16:59:11,2018-05-18 01:17:39,2018-05-18 13:02:00,2018-05-21 15:22:11,2018-05-25 00:00:00,372e0fc66eacb8698e4f9997d366d961,12230,sao jose dos campos,SP,1.0,aca2eb7d00ea1a7b8ebd4e68314663af,955fee9216a65b617aa5c0531780ce60,2018-05-22 01:17:39,69.9,12.43,1.0,credit_card,5.0,82.33,ff130b68d99d6cedd7329b13ffbe2f03,5.0,,,2018-05-22 00:00:00,2018-05-23 15:47:22,moveis_decoracao,44.0,903.0,6.0,2600.0,50.0,10.0,30.0,4782.0,sao paulo,SP,furniture_decor
5820a1100976432c7968a52da59e9364,2b56e94c2f66f2d97cfa63356f69cee8,delivered,2018-07-29 11:24:17,2018-07-29 11:44:19,2018-07-30 13:47:00,2018-08-02 22:09:11,2018-08-13 00:00:00,cc1a30280651daf2d918ed7868575771,95270,flores da cunha,RS,1.0,1deda1acffb44ed38494667d7e49a9f3,f52c2422904463fdd7741f99045fecb6,2018-07-31 11:44:19,33.9,18.34,1.0,credit_card,1.0,52.24,7fe86452ea24bb5085343b5e9d684a3e,5.0,Excelente,Prazo de entrega excelente e produto cuidadosamente embalado! Recomendo!,2018-08-03 00:00:00,2018-08-04 14:36:31,esporte_lazer,53.0,891.0,2.0,1150.0,27.0,12.0,17.0,9230.0,santo andre/sao paulo,SP,sports_leisure
2ce1ad82022c1ba30c2079502ac725aa,7f2178c5d771e17f507d3c1637339298,delivered,2017-08-09 20:19:05,2017-08-11 04:15:29,2017-08-11 17:52:32,2017-08-16 17:16:44,2017-08-31 00:00:00,12e7a2c201751ddc979e7a45cef500f3,1038,sao paulo,SP,1.0,f35927953ed82e19d06ad3aac2f06353,669ae81880e08f269a64487cfb287169,2017-08-17 04:15:29,115.0,15.56,1.0,boleto,1.0,130.56,460b9c05a89088364143d8dec431344b,5.0,,,2017-08-17 00:00:00,2017-08-20 01:51:14,livros_interesse_geral,39.0,724.0,1.0,450.0,20.0,20.0,20.0,89160.0,rio do sul,SC,books_general_interest
138849fd84dff2fb4ca70a0a34c4aa1c,9b18f3fc296990b97854e351334a32f6,delivered,2018-02-01 14:02:19,2018-02-03 02:53:07,2018-02-06 19:13:26,2018-02-14 13:41:59,2018-02-23 00:00:00,b2cac0b16835dabf811b204127f58afa,6330,carapicuiba,SP,1.0,304fad8dc4d2012dc4062839972f2d96,6860153b69cc696d5dcfe1cdaaafcf62,2018-02-08 02:53:07,39.47,13.37,1.0,boleto,1.0,52.84,16fe408521a9c6de156276d366356476,5.0,,,2018-02-15 00:00:00,2018-02-15 17:07:02,construcao_ferramentas_construcao,59.0,1775.0,2.0,1700.0,16.0,11.0,11.0,13360.0,capivari,SP,construction_tools_construction
47aa4816b27ba60ec948cd019cc1afc1,148348ff65384b4249b762579532e248,delivered,2018-06-26 13:42:52,2018-06-27 08:35:32,2018-06-27 13:20:00,2018-07-03 18:37:46,2018-07-20 00:00:00,db979bdfe0bbba29ecd3df3f6c50bea2,87711,paranavai,PR,1.0,1501b0033c68a37fa9560033a440e529,33cbbec1e7e1044aaf11d152172c776f,2018-06-29 03:31:40,53.44,18.47,1.0,boleto,1.0,71.91,ab80d532fa8e6408aff60b4fa56566e3,5.0,,,2018-07-04 00:00:00,2018-07-05 19:17:35,eletroportateis,58.0,1160.0,6.0,410.0,24.0,22.0,17.0,95705.0,bento goncalves,RS,small_appliances
9faeb9b2746b9d7526aef5acb08e2aa0,79183cd650e2bb0d475b0067d45946ac,delivered,2018-07-26 14:39:59,2018-07-26 14:55:10,2018-07-27 12:04:00,2018-07-31 22:26:55,2018-08-16 00:00:00,c77154776ead8e798c2d684205938f71,90620,porto alegre,RS,1.0,f48eb5c2fde13ca63664f0bb05f55346,f7ba60f8c3f99e7ee4042fdef03b70c4,2018-07-30 14:55:10,60.0,15.52,1.0,credit_card,2.0,151.04,25b502beeef8b3aff87449ccdc001f53,1.0,Recebi apenas 1 unidade ,"Recebi apenas 1 unidade solicitada, deveriam ser 2, inclusive foi cobrado e consta na nota fiscal. Estou tentando contato com a loja a 4 dias. Informam que vão me mandar por email o contato do fornece",2018-08-01 00:00:00,2018-08-04 02:14:45,esporte_lazer,60.0,1153.0,2.0,100.0,20.0,11.0,11.0,9628.0,sao bernardo do campo,SP,sports_leisure
9faeb9b2746b9d7526aef5acb08e2aa0,79183cd650e2bb0d475b0067d45946ac,delivered,2018-07-26 14:39:59,2018-07-26 14:55:10,2018-07-27 12:04:00,2018-07-31 22:26:55,2018-08-16 00:00:00,c77154776ead8e798c2d684205938f71,90620,porto alegre,RS,2.0,f48eb5c2fde13ca63664f0bb05f55346,f7ba60f8c3f99e7ee4042fdef03b70c4,2018-07-30 14:55:10,60.0,15.52,1.0,credit_card,2.0,151.04,25b502beeef8b3aff87449ccdc001f53,1.0,Recebi apenas 1 unidade ,"Recebi apenas 1 unidade solicitada, deveriam ser 2, inclusive foi cobrado e consta na nota fiscal. Estou tentando contato com a loja a 4 dias. Informam que vão me mandar por email o contato do fornece",2018-08-01 00:00:00,2018-08-04 02:14:45,esporte_lazer,60.0,1153.0,2.0,100.0,20.0,11.0,11.0,9628.0,sao bernardo do campo,SP,sports_leisure
641fb0752bf5b5940c376b3a8bb9dc52,f5afca14dfa9dc64251cf2b45c54c363,delivered,2017-12-15 00:06:10,2017-12-15 00:14:55,2017-12-19 01:58:00,2018-01-03 15:09:32,2018-01-16 00:00:00,38cad70d154a4dcc42b598d5c01f7ef1,25211,duque de caxias,RJ,1.0,60184212dae4e6b0da32bf54271a8c4a,b33e7c55446eabf8fe1a42d037ac7d6d,2017-12-21 00:14:55,369.0,17.33,1.0,credit_card,10.0,386.33,ffa0d9ba2678dba5fa370295245f473d,4.0,,"Inicialmente, pedi o cancelamento do pedido devido a falta de atualização com o produto, hoje sei que é erro do APLICATIVO e não do vendedor.",2018-01-04 00:00:00,2018-01-04 18:29:06,relogios_presentes,59.0,476.0,2.0,394.0,17.0,11.0,14.0,14850.0,pradopolis,SP,watches_gifts
e425680f760cbc130be3e53a9773c584,f178c1827f67a8467b0385b7378d951a,delivered,2017-08-31 08:15:24,2017-08-31 08:30:17,2017-08-31 20:06:14,2017-09-04 20:59:55,2017-09-20 00:00:00,9d9ab3b77f0416765b3fbedf94a942a4,12070,taubate,SP,1.0,9ecadb84c81da840dbf3564378b586e9,1025f0e2d44d7041d6cf58b6550e0bfa,2017-09-08 08:30:17,38.4,11.85,1.0,credit_card,1.0,50.25,19ff7f2ec1b7889bc11f85667a22eaa3,5.0,,Potente e grande. ,2017-09-05 00:00:00,2017-09-09 12:50:03,moveis_decoracao,41.0,789.0,1.0,950.0,20.0,35.0,20.0,3204.0,sao paulo,SP,furniture_decor
40c5e18f7d112b59b3e5113a59a905b3,67407057a7d5ee17d1cd09523f484d13,delivered,2018-06-11 10:25:52,2018-06-11 10:58:32,2018-06-14 13:03:00,2018-06-19 00:31:13,2018-07-16 00:00:00,7cfba6e55439cae3fd2479d62fafe67f,22240,rio de janeiro,RJ,1.0,595fac2a385ac33a80bd5114aec74eb8,ef0ace09169ac090589d85746e3e036f,2018-06-15 10:58:32,119.9,8.78,1.0,credit_card,3.0,128.68,87bed0b5fb6856c9328d5e60df70546a,5.0,super recomento,Entrega antes da data marcada. Excelente,2018-06-20 00:00:00,2018-06-20 13:12:42,perfumaria,29.0,178.0,1.0,400.0,19.0,13.0,19.0,24451.0,sao goncalo,RJ,perfumery
734e7d1bbaeb2ff82521ca0fe6fb6f79,2932d241d1f31e6df6c701d52370ae02,delivered,2018-06-11 08:18:19,2018-06-11 08:31:50,2018-06-11 14:54:00,2018-06-14 21:32:21,2018-07-05 00:00:00,f7603d34c795584792a484186233e6e5,3942,sao paulo,SP,1.0,278b3c6462e86b4556b99989513ddf73,d1ef48b38baca7e831711c4a0aeb398f,2018-06-13 08:31:12,29.99,13.47,1.0,credit_card,1.0,43.46,b62fb61e2c54c9f7d8ef6395ad98b858,5.0,,,2018-07-03 00:00:00,2018-07-12 05:21:13,eletroportateis,58.0,587.0,3.0,350.0,20.0,20.0,20.0,86800.0,apucarana,PR,small_appliances
66e4624ae69e7dc89bd50222b59f581f,684fa6da5134b9e4dab731e00011712d,delivered,2018-03-09 14:50:15,2018-03-09 15:40:39,2018-03-15 00:31:19,2018-04-03 13:28:46,2018-04-02 00:00:00,ddf60e20e6e262e2136801ce5cd628b0,49030,aracaju,SE,1.0,b37b72d5a56f887725c2862184b8cab8,db4350fd57ae30082dec7acbaacc17f9,2018-03-15 15:30:45,22.99,22.85,1.0,credit_card,9.0,91.68,4ff7c437ae60fa0b3c700ade55155027,1.0,,"Pedir 2 capinhas,estou pagando as duas e só veio uma.Entao não estou nada satisfeita e espero que seja reparado esse erro.",2018-04-04 00:00:00,2018-04-04 09:31:50,telefonia,59.0,566.0,1.0,150.0,19.0,4.0,11.0,3126.0,sao paulo,SP,telephony
66e4624ae69e7dc89bd50222b59f581f,684fa6da5134b9e4dab731e00011712d,delivered,2018-03-09 14:50:15,2018-03-09 15:40:39,2018-03-15 00:31:19,2018-04-03 13:28:46,2018-04-02 00:00:00,ddf60e20e6e262e2136801ce5cd628b0,49030,aracaju,SE,2.0,b37b72d5a56f887725c2862184b8cab8,db4350fd57ae30082dec7acbaacc17f9,2018-03-15 15:30:45,22.99,22.85,1.0,credit_card,9.0,91.68,4ff7c437ae60fa0b3c700ade55155027,1.0,,"Pedir 2 capinhas,estou pagando as duas e só veio uma.Entao não estou nada satisfeita e espero que seja reparado esse erro.",2018-04-04 00:00:00,2018-04-04 09:31:50,telefonia,59.0,566.0,1.0,150.0,19.0,4.0,11.0,3126.0,sao paulo,SP,telephony
a685d016c8a26f71a0bb67821070e398,911e4c37f5cafe1604fe6767034bf1ae,delivered,2017-03-13 18:14:36,2017-03-13 18:14:36,2017-03-22 14:03:09,2017-04-06 13:37:16,2017-03-30 00:00:00,51838d41add414a0b1b989b7d251d9ee,13068,campinas,SP,1.0,ebd7c847c1e1cb69ec374ae0ebee1f4c,391fc6631aebcf3004804e51b40bcf1e,2017-03-17 18:14:36,84.9,14.36,1.0,boleto,1.0,99.26,19d60869413aa63834affc9ecc9d9f90,1.0,,Não recebi,2017-04-02 00:00:00,2017-04-02 10:58:38,moveis_decoracao,50.0,228.0,3.0,1200.0,40.0,15.0,30.0,14940.0,ibitinga,SP,furniture_decor
2edfd6d1f0b4cd0db4bf37b1b224d855,241e78de29b3090cfa1b5d73a8130c72,delivered,2017-06-13 21:11:26,2017-06-15 03:05:45,2017-06-16 14:55:37,2017-06-19 18:51:28,2017-07-06 00:00:00,c63e44efa43f3947087aee96b388d949,4658,sao paulo,SP,1.0,30469bb5ea377eae7121981e2f0778e4,80e6699fe29150b372a0c8a1ebf7dcc8,2017-06-21 03:05:45,113.0,28.15,1.0,boleto,1.0,141.15,3fb0e4d9bf232d8801b25896c772b606,5.0,,,2017-06-22 00:00:00,2017-06-23 00:27:36,esporte_lazer,57.0,574.0,4.0,5950.0,20.0,30.0,80.0,83323.0,pinhais,PR,sports_leisure
68873cf91053cd11e6b49a766db5af1a,4632eb5a8f175f6fe020520ae0c678f3,delivered,2017-11-30 22:02:15,2017-12-02 02:51:18,2017-12-04 22:07:01,2017-12-05 20:28:40,2017-12-18 00:00:00,6da92ae920ab16fc4eceb8fcd7bd43ce,8280,sao paulo,SP,1.0,15a9e834e89eab39d973492882c658d6,a673821011d0cec28146ea42f5ab767f,2017-12-07 02:51:18,79.9,11.76,1.0,boleto,1.0,91.66,49dc1a77d03e598dbe358fbdd36d602c,4.0,,,2017-12-15 00:00:00,2017-12-17 19:12:44,cama_mesa_banho,52.0,530.0,6.0,949.0,30.0,20.0,26.0,3809.0,sao paulo,SP,bed_bath_table
f346ad4ee8f630e5e4ddaf862a34e6dd,dd5095632e3953fc0947b8ab5176b0be,delivered,2018-08-05 13:09:48,2018-08-05 13:24:34,2018-08-06 13:41:00,2018-08-10 18:35:40,2018-08-15 00:00:00,da45a9a1df408c39f013b9b0b505042c,70680,brasilia,DF,1.0,4ce99ff9dcb7821acd8e599d5d4a6531,70125af26c2d6d4ef401a1d02ae7701f,2018-08-07 13:24:34,39.9,13.76,1.0,credit_card,1.0,53.66,a2564068ec090aa597394b0d29c95e2a,5.0,,,2018-08-11 00:00:00,2018-08-14 00:34:02,esporte_lazer,51.0,192.0,2.0,450.0,35.0,10.0,11.0,74435.0,goiania,GO,sports_leisure
8f06cc6465925031568537b815f1198d,9916715c2ab6ee1710c9c32f0a534ad2,delivered,2017-11-15 11:31:41,2017-11-15 11:46:42,2017-11-16 22:03:00,2017-11-22 22:41:07,2017-12-05 00:00:00,bf0303939d54b8df5da4762bbaab1955,22631,rio de janeiro,RJ,1.0,12087840651e83b48206b82c213b76fd,5b925e1d006e9476d738aa200751b73b,2017-11-21 11:46:42,299.0,18.34,1.0,credit_card,9.0,317.34,8e0a281ae19baddf031c724ef1e6321d,5.0,,,2017-11-28 00:00:00,2017-11-29 00:17:18,esporte_lazer,27.0,521.0,1.0,1813.0,30.0,13.0,28.0,4567.0,sao paulo,SP,sports_leisure
ccbabeb0b02433bd0fcbac46e70339f2,c77ee2d8ba1614a4d489a44166894938,delivered,2018-02-19 20:31:09,2018-02-21 06:15:25,2018-02-22 21:04:23,2018-03-09 22:22:25,2018-03-13 00:00:00,9c9cef121cb812cb301babddc2d8331e,38067,uberaba,MG,1.0,89321f94e35fc6d7903d36f74e351d40,16090f2ca825584b5a147ab24aa30c86,2018-02-27 03:31:34,27.9,15.1,1.0,boleto,1.0,43.0,8972e42b54449efa29204423f1a9ead7,4.0,,,2018-03-10 00:00:00,2018-03-11 21:08:38,alimentos,59.0,982.0,1.0,150.0,17.0,13.0,13.0,12940.0,atibaia,SP,food
688052146432ef8253587b930b01a06d,81e08b08e5ed4472008030d70327c71f,delivered,2018-04-22 08:48:13,2018-04-24 18:25:22,2018-04-23 19:19:14,2018-04-24 19:31:58,2018-05-15 00:00:00,0e764fc1a13e47e900c3d59a989753e8,36045,juiz de fora,MG,1.0,d1c427060a0f73f6b889a5c7c61f2ac4,a1043bafd471dff536d0c462352beb48,2018-04-26 09:31:11,119.0,24.97,1.0,credit_card,3.0,346.09,c7862c2b2f4259f9b1173a9c14e737e5,4.0,Produto entregue em parte,"Somente a Mala Pequena Bordo Avião 360º Viagem Seanite Preta 12771 foi entregue.
O Auto Transformador Automático Bivolt 5000va Até 12.000 Btus ainda não foi entregue.",2018-04-25 00:00:00,2018-04-27 22:09:02,informatica_acessorios,59.0,1893.0,1.0,6550.0,20.0,20.0,20.0,37175.0,ilicinea,MG,computers_accessories
688052146432ef8253587b930b01a06d,81e08b08e5ed4472008030d70327c71f,delivered,2018-04-22 08:48:13,2018-04-24 18:25:22,2018-04-23 19:19:14,2018-04-24 19:31:58,2018-05-15 00:00:00,0e764fc1a13e47e900c3d59a989753e8,36045,juiz de fora,MG,2.0,db56f6d2b04c89eae4daba188842fd7b,2a84855fd20af891be03bc5924d2b453,2018-04-26 09:31:11,199.0,3.12,1.0,credit_card,3.0,346.09,c7862c2b2f4259f9b1173a9c14e737e5,4.0,Produto entregue em parte,"Somente a Mala Pequena Bordo Avião 360º Viagem Seanite Preta 12771 foi entregue.
O Auto Transformador Automático Bivolt 5000va Até 12.000 Btus ainda não foi entregue.",2018-04-25 00:00:00,2018-04-27 22:09:02,malas_acessorios,56.0,450.0,3.0,12450.0,40.0,25.0,57.0,30111.0,belo horizonte,MG,luggage_accessories
f271576bed568e896f99eb710cd3a6f8,5dda11942d4f77bee3a46d71e442aec4,delivered,2018-01-07 21:44:54,2018-01-07 21:51:28,2018-01-10 21:56:09,2018-01-17 20:26:31,2018-02-14 00:00:00,6a0e43f0d7e1b5539e4c58a26ebe35da,46740,boninal,BA,1.0,d457916b4fdc60154ed93b5dd3e6fd69,76d64c4aca3a7baf218bf93ef7fa768d,2018-01-11 21:51:28,329.9,82.48,1.0,credit_card,4.0,824.76,c52b2e7eca1856a268a36a9df72a6150,3.0,,"Pensei que a cinta seria mais larga.
É muito estreita para cargas pesadas",2018-01-18 00:00:00,2018-01-22 17:08:37,construcao_ferramentas_construcao,57.0,424.0,1.0,10000.0,30.0,20.0,30.0,80215.0,curitiba,PR,construction_tools_construction
f271576bed568e896f99eb710cd3a6f8,5dda11942d4f77bee3a46d71e442aec4,delivered,2018-01-07 21:44:54,2018-01-07 21:51:28,2018-01-10 21:56:09,2018-01-17 20:26:31,2018-02-14 00:00:00,6a0e43f0d7e1b5539e4c58a26ebe35da,46740,boninal,BA,2.0,d457916b4fdc60154ed93b5dd3e6fd69,76d64c4aca3a7baf218bf93ef7fa768d,2018-01-11 21:51:28,329.9,82.48,1.0,credit_card,4.0,824.76,c52b2e7eca1856a268a36a9df72a6150,3.0,,"Pensei que a cinta seria mais larga.
É muito estreita para cargas pesadas",2018-01-18 00:00:00,2018-01-22 17:08:37,construcao_ferramentas_construcao,57.0,424.0,1.0,10000.0,30.0,20.0,30.0,80215.0,curitiba,PR,construction_tools_construction
686541986ecfb7d9296eb67719973bf0,74805bc388861fa350ed2fade8444e0b,delivered,2018-02-10 13:26:59,2018-02-10 13:35:31,2018-02-14 20:47:38,2018-02-20 22:13:08,2018-03-12 00:00:00,5d710d9a48ebb7fe5ffc2940ff29f346,38401,uberlandia,MG,1.0,3014e35fd70fce29095ced5cdc89f4ce,5656537e588803a555b8eb41f07a944b,2018-02-15 13:35:31,24.89,15.1,1.0,credit_card,1.0,39.99,17800f818523b736983eab6f130be2e3,4.0,,Agora é testar para avaliar se é de qualidade. Mas até agora tudo certo.,2018-02-21 00:00:00,2018-02-24 02:10:53,telefonia,51.0,244.0,1.0,125.0,17.0,10.0,14.0,72015.0,brasilia,DF,telephony
68e48e68da1f50f7c5838ea75e3a20dd,4afc1dcca5fe8926fc97d60a4497f8ab,delivered,2018-06-18 16:02:23,2018-06-18 17:00:57,2018-06-19 15:55:00,2018-06-22 21:18:51,2018-07-13 00:00:00,a464f750556546a0989d9326ec003ccf,8220,sao paulo,SP,1.0,a659cb33082b851fb87a33af8f0fff29,817245bcc3badd82bbd222e0366951a6,2018-06-22 17:00:57,84.9,13.25,1.0,credit_card,3.0,392.6,0047ca502c37fbba9b3a31eeae3fe0c2,5.0,,,2018-06-23 00:00:00,2018-06-25 12:01:42,automotivo,60.0,380.0,1.0,150.0,16.0,6.0,11.0,17056.0,bauru,SP,auto
68e48e68da1f50f7c5838ea75e3a20dd,4afc1dcca5fe8926fc97d60a4497f8ab,delivered,2018-06-18 16:02:23,2018-06-18 17:00:57,2018-06-19 15:55:00,2018-06-22 21:18:51,2018-07-13 00:00:00,a464f750556546a0989d9326ec003ccf,8220,sao paulo,SP,2.0,a659cb33082b851fb87a33af8f0fff29,817245bcc3badd82bbd222e0366951a6,2018-06-22 17:00:57,84.9,13.25,1.0,credit_card,3.0,392.6,0047ca502c37fbba9b3a31eeae3fe0c2,5.0,,,2018-06-23 00:00:00,2018-06-25 12:01:42,automotivo,60.0,380.0,1.0,150.0,16.0,6.0,11.0,17056.0,bauru,SP,auto
68e48e68da1f50f7c5838ea75e3a20dd,4afc1dcca5fe8926fc97d60a4497f8ab,delivered,2018-06-18 16:02:23,2018-06-18 17:00:57,2018-06-19 15:55:00,2018-06-22 21:18:51,2018-07-13 00:00:00,a464f750556546a0989d9326ec003ccf,8220,sao paulo,SP,3.0,a659cb33082b851fb87a33af8f0fff29,817245bcc3badd82bbd222e0366951a6,2018-06-22 17:00:57,84.9,13.25,1.0,credit_card,3.0,392.6,0047ca502c37fbba9b3a31eeae3fe0c2,5.0,,,2018-06-23 00:00:00,2018-06-25 12:01:42,automotivo,60.0,380.0,1.0,150.0,16.0,6.0,11.0,17056.0,bauru,SP,auto
68e48e68da1f50f7c5838ea75e3a20dd,4afc1dcca5fe8926fc97d60a4497f8ab,delivered,2018-06-18 16:02:23,2018-06-18 17:00:57,2018-06-19 15:55:00,2018-06-22 21:18:51,2018-07-13 00:00:00,a464f750556546a0989d9326ec003ccf,8220,sao paulo,SP,4.0,a659cb33082b851fb87a33af8f0fff29,817245bcc3badd82bbd222e0366951a6,2018-06-22 17:00:57,84.9,13.25,1.0,credit_card,3.0,392.6,0047ca502c37fbba9b3a31eeae3fe0c2,5.0,,,2018-06-23 00:00:00,2018-06-25 12:01:42,automotivo,60.0,380.0,1.0,150.0,16.0,6.0,11.0,17056.0,bauru,SP,auto
b52cc4919de82b4d696a4380d10804a3,be8c14c16a4d47194ccdfe10f1fc5b1a,delivered,2018-06-13 13:47:39,2018-06-15 02:37:29,2018-06-15 14:22:00,2018-06-18 22:32:44,2018-06-26 00:00:00,c86a25b8f5f6c203bb3471553bdc3200,13157,cosmopolis,SP,1.0,7564c1759c04fc0a38f2aa84f7a370ee,6860153b69cc696d5dcfe1cdaaafcf62,2018-06-19 02:30:26,42.99,12.03,1.0,boleto,1.0,55.02,b1dafcdfcddb6feb75222b9c1f2baad3,5.0,,,2018-06-19 00:00:00,2018-06-20 11:07:14,construcao_ferramentas_construcao,59.0,2432.0,3.0,1200.0,16.0,11.0,11.0,13360.0,capivari,SP,construction_tools_construction
fdf128b3630c21adc9ca4fb8a51b68ec,a9d37ddc8ba4d9f6dbac7d8ec378cc95,delivered,2018-07-15 08:33:19,2018-07-16 14:31:10,2018-07-17 15:33:00,2018-07-24 16:41:18,2018-08-02 00:00:00,3c0402bcc3ec3b33fc4430eb6c08720a,89225,joinville,SC,1.0,89321f94e35fc6d7903d36f74e351d40,16090f2ca825584b5a147ab24aa30c86,2018-07-18 14:31:10,27.9,18.3,1.0,debit_card,1.0,46.2,10ce12fd0932585f9da7d600ae851337,3.0,Produto nao funciona,Passei e-mail solicitando suporte para fazer o produto funciona,2018-07-25 00:00:00,2018-07-25 20:20:01,alimentos,59.0,982.0,1.0,150.0,17.0,13.0,13.0,12940.0,atibaia,SP,food
a6aeb116d2cb5013eb8a94585b71ffef,bb2f5e670f7155dc622c57e4b31d0a69,delivered,2017-09-13 14:27:11,2017-09-13 14:44:39,2017-09-15 18:42:29,2017-09-16 15:40:08,2017-09-25 00:00:00,31b8fa2573bde01af4737e8ed29c348b,2346,sao paulo,SP,1.0,163e6400e6dadd0fe04775c5e9331fda,855668e0971d4dfd7bef1b6a4133b41b,2017-09-19 14:44:39,50.0,9.34,1.0,credit_card,1.0,59.34,ff4b347f3b82de5ff2b04329bb9bfa39,5.0,,,2017-09-17 00:00:00,2017-09-18 18:42:40,bebes,29.0,462.0,1.0,500.0,47.0,10.0,36.0,13257.0,itatiba,SP,baby
fa516182d28f96f5f5c651026b0749ee,55e6b290205c84ddd23ddf5eb134efd4,delivered,2018-04-13 08:44:17,2018-04-13 13:30:02,2018-04-13 22:19:21,2018-04-19 20:41:45,2018-05-08 00:00:00,7f2eb9cf900070f2e7a7f0e95719f85b,13145,paulinia,SP,1.0,e932008cf0ea7c93a077dd8d7e5f49eb,fcdd820084f17e9982427971e4e9d47f,2018-04-19 13:30:02,190.0,19.41,1.0,credit_card,1.0,209.41,52957a90648cfb62d580ad3efbc30865,5.0,,,2018-04-20 00:00:00,2018-04-21 13:34:24,climatizacao,60.0,3270.0,4.0,7350.0,105.0,10.0,40.0,14075.0,ribeirao preto,SP,air_conditioning
6abaad69b8b349c3a529b4b91ce18e46,f5618502bee8eafdee72fb6955e2ebdf,delivered,2018-02-15 10:33:30,2018-02-15 10:47:59,2018-02-20 14:15:09,2018-02-24 19:15:56,2018-03-07 00:00:00,fa0ee7ceb94193fb02aa78ce3a55695a,6395,carapicuiba,SP,1.0,3dd6c9d499e7c311a29e08afe1fd8fc6,537eb890efff034a88679788b647c564,2018-02-21 09:47:59,42.9,14.1,1.0,credit_card,4.0,57.0,61ee51e6086df4cf6f9cc470a81a4a6a,4.0,,O produto é uma ótima decoração para deixar o ambiente lindo. ,2018-02-25 00:00:00,2018-02-26 12:06:44,cool_stuff,60.0,396.0,4.0,250.0,19.0,12.0,12.0,20270.0,rio de janeiro,RJ,cool_stuff
974c1993ab8024d3ed16229183c2308d,a90391a47de936d56c66a5366cba1462,delivered,2017-02-20 11:45:39,2017-02-22 03:10:20,2017-02-23 06:47:35,2017-03-09 14:27:58,2017-03-21 00:00:00,32de2a7a93dbfc527b3f584744b9c6ce,37310,bom jardim de minas,MG,1.0,5e2ba75ad255ff60b1c76c5bf526ae9b,f84a00e60c73a49e7e851c9bdca3a5bb,2017-02-24 11:45:39,69.9,14.66,1.0,boleto,1.0,84.56,13e5d0c88df75ece0878b9c4e3a3cc03,5.0,, produto otimo,2017-03-11 00:00:00,2017-03-13 14:23:53,beleza_saude,47.0,1346.0,2.0,500.0,20.0,8.0,20.0,20756.0,rio de janeiro,RJ,health_beauty
82bce245b1c9148f8d19a55b9ff70644,388025bec8128ff20ec1a316ed4dcf02,delivered,2017-04-20 17:15:46,2017-04-21 05:15:56,2017-04-24 09:34:13,2017-05-10 09:17:55,2017-05-12 00:00:00,f9effeed3df9ae063a58c0759b96f8b2,85804,cascavel,PR,1.0,a5a0e71a81ae65aa335e71c06261e260,c8417879a15366a17c30af34c798c332,2017-04-27 05:15:56,38.0,15.56,1.0,boleto,1.0,267.8,fd793fea4f4a2ddcc956561144b6c04e,1.0,,,2017-05-11 00:00:00,2017-05-12 11:25:49,utilidades_domesticas,57.0,698.0,3.0,705.0,34.0,22.0,28.0,4445.0,sao paulo,SP,housewares
82bce245b1c9148f8d19a55b9ff70644,388025bec8128ff20ec1a316ed4dcf02,delivered,2017-04-20 17:15:46,2017-04-21 05:15:56,2017-04-24 09:34:13,2017-05-10 09:17:55,2017-05-12 00:00:00,f9effeed3df9ae063a58c0759b96f8b2,85804,cascavel,PR,2.0,a5a0e71a81ae65aa335e71c06261e260,c8417879a15366a17c30af34c798c332,2017-04-27 05:15:56,38.0,15.56,1.0,boleto,1.0,267.8,fd793fea4f4a2ddcc956561144b6c04e,1.0,,,2017-05-11 00:00:00,2017-05-12 11:25:49,utilidades_domesticas,57.0,698.0,3.0,705.0,34.0,22.0,28.0,4445.0,sao paulo,SP,housewares
82bce245b1c9148f8d19a55b9ff70644,388025bec8128ff20ec1a316ed4dcf02,delivered,2017-04-20 17:15:46,2017-04-21 05:15:56,2017-04-24 09:34:13,2017-05-10 09:17:55,2017-05-12 00:00:00,f9effeed3df9ae063a58c0759b96f8b2,85804,cascavel,PR,3.0,a5a0e71a81ae65aa335e71c06261e260,c8417879a15366a17c30af34c798c332,2017-04-27 05:15:56,38.0,15.56,1.0,boleto,1.0,267.8,fd793fea4f4a2ddcc956561144b6c04e,1.0,,,2017-05-11 00:00:00,2017-05-12 11:25:49,utilidades_domesticas,57.0,698.0,3.0,705.0,34.0,22.0,28.0,4445.0,sao paulo,SP,housewares
82bce245b1c9148f8d19a55b9ff70644,388025bec8128ff20ec1a316ed4dcf02,delivered,2017-04-20 17:15:46,2017-04-21 05:15:56,2017-04-24 09:34:13,2017-05-10 09:17:55,2017-05-12 00:00:00,f9effeed3df9ae063a58c0759b96f8b2,85804,cascavel,PR,4.0,a5a0e71a81ae65aa335e71c06261e260,c8417879a15366a17c30af34c798c332,2017-04-27 05:15:56,38.0,15.56,1.0,boleto,1.0,267.8,fd793fea4f4a2ddcc956561144b6c04e,1.0,,,2017-05-11 00:00:00,2017-05-12 11:25:49,utilidades_domesticas,57.0,698.0,3.0,705.0,34.0,22.0,28.0,4445.0,sao paulo,SP,housewares
82bce245b1c9148f8d19a55b9ff70644,388025bec8128ff20ec1a316ed4dcf02,delivered,2017-04-20 17:15:46,2017-04-21 05:15:56,2017-04-24 09:34:13,2017-05-10 09:17:55,2017-05-12 00:00:00,f9effeed3df9ae063a58c0759b96f8b2,85804,cascavel,PR,5.0,a5a0e71a81ae65aa335e71c06261e260,c8417879a15366a17c30af34c798c332,2017-04-27 05:15:56,38.0,15.56,1.0,boleto,1.0,267.8,fd793fea4f4a2ddcc956561144b6c04e,1.0,,,2017-05-11 00:00:00,2017-05-12 11:25:49,utilidades_domesticas,57.0,698.0,3.0,705.0,34.0,22.0,28.0,4445.0,sao paulo,SP,housewares
a910f58086d58b3ae6f37aa712d377b9,afb19a4b667cb708caab312757ec3d3f,delivered,2017-09-15 09:19:48,2017-09-15 09:35:18,2017-09-18 18:20:00,2017-09-25 20:14:48,2017-10-11 00:00:00,a7e7b19ff34ab885f7b7331de2417cf3,78043,cuiaba,MT,1.0,75d6b6963340c6063f7f4cfcccfe6a30,cc419e0650a3c5ba77189a1882b7556a,2017-09-22 09:35:18,56.99,15.84,1.0,credit_card,5.0,145.66,840e8a680fc1a09a493181e046380f59,5.0,,,2017-09-26 00:00:00,2017-09-30 23:48:54,perfumaria,51.0,999.0,2.0,400.0,18.0,11.0,20.0,9015.0,santo andre,SP,perfumery
a910f58086d58b3ae6f37aa712d377b9,afb19a4b667cb708caab312757ec3d3f,delivered,2017-09-15 09:19:48,2017-09-15 09:35:18,2017-09-18 18:20:00,2017-09-25 20:14:48,2017-10-11 00:00:00,a7e7b19ff34ab885f7b7331de2417cf3,78043,cuiaba,MT,2.0,75d6b6963340c6063f7f4cfcccfe6a30,cc419e0650a3c5ba77189a1882b7556a,2017-09-22 09:35:18,56.99,15.84,1.0,credit_card,5.0,145.66,840e8a680fc1a09a493181e046380f59,5.0,,,2017-09-26 00:00:00,2017-09-30 23:48:54,perfumaria,51.0,999.0,2.0,400.0,18.0,11.0,20.0,9015.0,santo andre,SP,perfumery
bd4bd0194d6d29f83b8557d4b89b572a,636e15840ab051faa13d3f781b6e4233,delivered,2018-07-28 16:52:55,2018-07-31 03:50:24,2018-08-01 16:01:00,2018-08-06 18:44:46,2018-08-08 00:00:00,65e5aaf9f721945f29cdba45c206cb83,14090,ribeirao preto,SP,1.0,7f457254a89d62960399e075711b3deb,ea8482cd71df3c1969d7b9473ff13abc,2018-08-02 03:50:24,24.99,12.84,1.0,boleto,1.0,37.83,f392709422e30b3cf27e9163a630749c,5.0,Bom atendimento ,,2018-08-07 00:00:00,2018-08-07 22:34:05,automotivo,60.0,558.0,6.0,300.0,17.0,4.0,12.0,4160.0,sao paulo,SP,auto
634e8f4c0f6744a626f77f39770ac6aa,05e996469a2bf9559c7122b87e156724,delivered,2017-08-09 18:32:47,2017-08-09 18:45:18,2017-08-10 20:21:53,2017-08-16 18:17:54,2017-08-31 00:00:00,5229b8e4d7d2b9b676c2083c17b1ecd0,93180,portao,RS,1.0,69d980b4120a76616d7b237d731d6156,744dac408745240a2c2528fb1b6028f3,2017-08-15 18:45:18,219.0,15.28,2.0,voucher,1.0,227.2,7b66de927426b71a817aa36df5e8a0b3,1.0,,Muito bom o produto e preço cobrado!,2017-08-17 00:00:00,2017-08-17 23:36:23,relogios_presentes,60.0,1362.0,3.0,600.0,16.0,11.0,12.0,83408.0,colombo,PR,watches_gifts
634e8f4c0f6744a626f77f39770ac6aa,05e996469a2bf9559c7122b87e156724,delivered,2017-08-09 18:32:47,2017-08-09 18:45:18,2017-08-10 20:21:53,2017-08-16 18:17:54,2017-08-31 00:00:00,5229b8e4d7d2b9b676c2083c17b1ecd0,93180,portao,RS,1.0,69d980b4120a76616d7b237d731d6156,744dac408745240a2c2528fb1b6028f3,2017-08-15 18:45:18,219.0,15.28,1.0,credit_card,1.0,7.08,7b66de927426b71a817aa36df5e8a0b3,1.0,,Muito bom o produto e preço cobrado!,2017-08-17 00:00:00,2017-08-17 23:36:23,relogios_presentes,60.0,1362.0,3.0,600.0,16.0,11.0,12.0,83408.0,colombo,PR,watches_gifts
6d25592267349b322799e2beb687871e,5bb39c890c91b1d26801aa19a9336eac,delivered,2018-08-26 22:04:34,2018-08-28 04:10:18,2018-08-28 12:56:00,2018-08-29 12:40:53,2018-08-30 00:00:00,a71cac9f356cfeb9db35061020806212,2407,sao paulo,SP,1.0,c3ba4e8d3cb30049213b682e751e9d00,6560211a19b47992c3666cc44a7e94c0,2018-08-30 04:10:18,93.0,7.91,1.0,boleto,1.0,201.82,914da4c2875eeb6dd3f1eba3539e73ca,4.0,,,2018-08-30 00:00:00,2018-09-03 18:26:07,relogios_presentes,58.0,737.0,3.0,350.0,16.0,2.0,20.0,5849.0,sao paulo,SP,watches_gifts
6d25592267349b322799e2beb687871e,5bb39c890c91b1d26801aa19a9336eac,delivered,2018-08-26 22:04:34,2018-08-28 04:10:18,2018-08-28 12:56:00,2018-08-29 12:40:53,2018-08-30 00:00:00,a71cac9f356cfeb9db35061020806212,2407,sao paulo,SP,2.0,c3ba4e8d3cb30049213b682e751e9d00,6560211a19b47992c3666cc44a7e94c0,2018-08-30 04:10:18,93.0,7.91,1.0,boleto,1.0,201.82,914da4c2875eeb6dd3f1eba3539e73ca,4.0,,,2018-08-30 00:00:00,2018-09-03 18:26:07,relogios_presentes,58.0,737.0,3.0,350.0,16.0,2.0,20.0,5849.0,sao paulo,SP,watches_gifts
